<?xml version="1.0" encoding="utf-8" ?>
<!-- Copyright 2016-17 Eficent Business and IT Consulting Services S.L.
     Serpent Consulting Services Pvt. Ltd.
     License LGPL-3.0 or later (http://www.gnu.org/licenses/lgpl-3.0) -->
<odoo>
    <record id="ir_rule_hr_contract_allowed_operating_units" model="ir.rule">
        <field name="model_id" ref="hr_contract.model_hr_contract" />
        <field
            name="domain_force"
        >['|',('operating_unit_id','=',False),('operating_unit_id','in',[g.id for g in user.operating_unit_ids])]</field>
        <field name="name">Contracts from allowed operating units</field>
        <field name="global" eval="True" />
        <field eval="0" name="perm_unlink" />
        <field eval="0" name="perm_write" />
        <field eval="1" name="perm_read" />
        <field eval="0" name="perm_create" />
    </record>
</odoo>
